acause,cause_name,family,family_name
ckd,Chronic kidney disease,fam_ckd,Kidney diseases
ckd_NEC,"Kidney diseases, not elsewhere classified",fam_ckd,Kidney diseases
glomerulo,Acute glomerulonephritis,fam_ckd,Kidney diseases
renal_failure,Acute renal failure,fam_ckd,Kidney diseases
cong,Congenital birth defects,fam_cong,Congenital birth defects
cvd_NEC,"Cardiovascular diseases, not elsewhere classified",fam_cvd,Cardiovascular diseases
cvd_afib,Atrial fibrillation and flutter,fam_cvd,Cardiovascular diseases
cvd_aortic,Aortic aneurysm,fam_cvd,Cardiovascular diseases
cvd_cmp,Cardiomyopathy and myocarditis,fam_cvd,Cardiovascular diseases
cvd_endo,Endocarditis,fam_cvd,Cardiovascular diseases
cvd_hf,Heart Failure,fam_cvd,Cardiovascular diseases
cvd_htn,Hypertensive heart disease,fam_cvd,Cardiovascular diseases
cvd_ihd,Ischemic heart disease,fam_cvd,Cardiovascular diseases
cvd_other,Other cardiovascular and circulatory diseases,fam_cvd,Cardiovascular diseases
cvd_pah,Pulmonary Arterial Hypertension,fam_cvd,Cardiovascular diseases
cvd_pvd,Lower extremity peripheral arterial disease,fam_cvd,Cardiovascular diseases
cvd_rhd,Rheumatic heart disease,fam_cvd,Cardiovascular diseases
cvd_stroke,Stroke,fam_cvd,Cardiovascular diseases
cvd_valvu,Non-rheumatic valvular heart disease,fam_cvd,Cardiovascular diseases
diabetes_NEC,"Diabetes, not elsewhere classified",fam_diabetes,Diabetes
diabetes_typ1,Diabetes mellitus type 1,fam_diabetes,Diabetes
diabetes_typ2,Diabetes mellitus type 2,fam_diabetes,Diabetes
cirrhosis,Cirrhosis and other chronic liver diseases,fam_digest,Digestive diseases
digest_NEC,"Digestive diseases, not elsewhere classified",fam_digest,Digestive diseases
digest_appendicitis,Appendicitis,fam_digest,Digestive diseases
digest_bile,Gallbladder and biliary diseases,fam_digest,Digestive diseases
digest_hernia,"Inguinal, femoral, and abdominal hernia",fam_digest,Digestive diseases
digest_ibd,Inflammatory bowel disease,fam_digest,Digestive diseases
digest_ileus,Paralytic ileus and intestinal obstruction,fam_digest,Digestive diseases
digest_other,Other digestive diseases,fam_digest,Digestive diseases
digest_pancreatitis,Pancreatitis,fam_digest,Digestive diseases
digest_upper,Upper digestive system diseases,fam_digest,Digestive diseases
digest_vascular,Vascular intestinal disorders,fam_digest,Digestive diseases
endo,"Endocrine, metabolic, blood, and immune disorders",fam_endo,"Endocrine, metabolic, blood, and immune disorders"
_enteric_all,Enteric infections,fam_enteric,Enteric infections
_gc,Garbage code,fam_gc,Garbage code
gyne,Gynecological diseases,fam_gyne,Gynecological diseases
hemog,Hemoglobinopathies and hemolytic anemias,fam_hemog,Hemoglobinopathies and hemolytic anemias
_infect_agg,Other infectious diseases,fam_infect,Other infectious diseases
hepatitis_c,Acute hepatitis C,fam_infect,Other infectious diseases
infect_NEC,"Other infectious diseases, not elsewhere classified",fam_infect,Other infectious diseases
meningitis,Meningitis,fam_infect,Other infectious diseases
septicemia,Septicemia,fam_infect,Other infectious diseases
_intent_agg,Interpersonal violence,fam_inj,Injuries
_unintent_agg,Other unintentional injuries,fam_inj,Injuries
inj_NEC,"Injuries, not elsewhere classified",fam_inj,Injuries
inj_falls,Falls,fam_inj,Injuries
inj_mech,Exposure to mechanical forces,fam_inj,Injuries
inj_suicide,Self-harm,fam_inj,Injuries
inj_trans,Transport injuries,fam_inj,Injuries
exp_well_pregnancy,Pregnancy and postpartum care,fam_maternal,Maternal disorders
maternal_NEC,"Maternal disorders, not elsewhere classified",fam_maternal,Maternal disorders
maternal_abort_ectopic,Ectopic pregnancy,fam_maternal,Maternal disorders
maternal_abort_mis,Maternal abortion and miscarriage,fam_maternal,Maternal disorders
maternal_hem,Maternal hemorrhage,fam_maternal,Maternal disorders
maternal_hiv,Maternal deaths aggravated by HIV/AIDS,fam_maternal,Maternal disorders
maternal_htn,Maternal hypertensive disorders,fam_maternal,Maternal disorders
maternal_indirect,Indirect maternal deaths,fam_maternal,Maternal disorders
maternal_late,Late maternal deaths,fam_maternal,Maternal disorders
maternal_obstruct,Maternal obstructed labor and uterine rupture,fam_maternal,Maternal disorders
maternal_other,Other direct maternal disorders,fam_maternal,Maternal disorders
maternal_sepsis,Maternal sepsis and other maternal infections,fam_maternal,Maternal disorders
mental_NEC,"Mental disorders, not elsewhere classified",fam_mental,Mental disorders
mental_adhd,Attention-deficit/hyperactivity disorder,fam_mental,Mental disorders
mental_anxiety,Anxiety disorders,fam_mental,Mental disorders
mental_bipolar,Bipolar disorder,fam_mental,Mental disorders
mental_conduct,Conduct disorder,fam_mental,Mental disorders
mental_eating,Eating disorders,fam_mental,Mental disorders
mental_id,Idiopathic developmental intellectual disability,fam_mental,Mental disorders
mental_other,Other mental disorders,fam_mental,Mental disorders
mental_pdd,Autism spectrum disorders,fam_mental,Mental disorders
mental_schizo,Schizophrenia,fam_mental,Mental disorders
mental_unipolar,Depressive disorders,fam_mental,Mental disorders
msk_NEC,"Musculoskeletal disorders, not elsewhere classified",fam_msk,Musculoskeletal disorders
msk_gout,Gout,fam_msk,Musculoskeletal disorders
msk_osteoarthritis,Osteoarthritis,fam_msk,Musculoskeletal disorders
msk_other,Other musculoskeletal disorders,fam_msk,Musculoskeletal disorders
msk_pain_lowback,Low back pain,fam_msk,Musculoskeletal disorders
msk_pain_neck,Neck pain,fam_msk,Musculoskeletal disorders
msk_rheumarthritis,Rheumatoid arthritis,fam_msk,Musculoskeletal disorders
neo_NEC,"Neoplasms, not elsewhere classified",fam_neo,Neoplasms
neo_bladder,Bladder cancer,fam_neo,Neoplasms
neo_bone,Malignant neoplasm of bone and articular cartilage,fam_neo,Neoplasms
neo_brain,Brain and central nervous system cancer,fam_neo,Neoplasms
neo_breast,Breast cancer,fam_neo,Neoplasms
neo_cervical,Cervical cancer,fam_neo,Neoplasms
neo_colorectal,Colon and rectum cancer,fam_neo,Neoplasms
neo_esophageal,Esophageal cancer,fam_neo,Neoplasms
neo_eye,Eye cancer,fam_neo,Neoplasms
neo_gallbladder,Gallbladder and biliary tract cancer,fam_neo,Neoplasms
neo_hodgkins,Hodgkin lymphoma,fam_neo,Neoplasms
neo_kidney,Kidney cancer,fam_neo,Neoplasms
neo_larynx,Larynx cancer,fam_neo,Neoplasms
neo_leukemia,Leukemia,fam_neo,Neoplasms
neo_liver,Liver cancer,fam_neo,Neoplasms
neo_lung,"Tracheal, bronchus, and lung cancer",fam_neo,Neoplasms
neo_lymphoma,Non-Hodgkin lymphoma,fam_neo,Neoplasms
neo_melanoma,Malignant skin melanoma,fam_neo,Neoplasms
neo_meso,Mesothelioma,fam_neo,Neoplasms
neo_mouth,Lip and oral cavity cancer,fam_neo,Neoplasms
neo_myeloma,Multiple myeloma,fam_neo,Neoplasms
neo_nasopharynx,Nasopharynx cancer,fam_neo,Neoplasms
neo_neuro,Neuroblastoma and other peripheral nervous cell tumors,fam_neo,Neoplasms
neo_nmsc,Non-melanoma skin cancer,fam_neo,Neoplasms
neo_other_benign,Other neoplasms,fam_neo,Neoplasms
neo_other_cancer,Other malignant neoplasms,fam_neo,Neoplasms
neo_otherpharynx,Other pharynx cancer,fam_neo,Neoplasms
neo_ovarian,Ovarian cancer,fam_neo,Neoplasms
neo_pancreas,Pancreatic cancer,fam_neo,Neoplasms
neo_prostate,Prostate cancer,fam_neo,Neoplasms
neo_stomach,Stomach cancer,fam_neo,Neoplasms
neo_testicular,Testicular cancer,fam_neo,Neoplasms
neo_thyroid,Thyroid cancer,fam_neo,Neoplasms
neo_tissue_sarcoma,Soft tissue and other extraosseous sarcomas,fam_neo,Neoplasms
neo_uterine,Uterine cancer,fam_neo,Neoplasms
neonatal_NEC,"Neonatal disorders, not elsewhere classified",fam_neonatal,Neonatal disorders
neonatal_enceph,Neonatal encephalopathy due to birth asphyxia and trauma,fam_neonatal,Neonatal disorders
neonatal_hemolytic,Hemolytic disease and other neonatal jaundice,fam_neonatal,Neonatal disorders
neonatal_other,Other neonatal disorders,fam_neonatal,Neonatal disorders
neonatal_preterm,Neonatal preterm birth,fam_neonatal,Neonatal disorders
neonatal_sepsis,Neonatal sepsis and other neonatal infections,fam_neonatal,Neonatal disorders
neuro_NEC,"Neurological disorders, not elsewhere classified",fam_neuro,Neurological disorders
neuro_dementia,Alzheimer's disease and other dementias,fam_neuro,Neurological disorders
neuro_epilepsy,Idiopathic epilepsy,fam_neuro,Neurological disorders
neuro_headach,Headache disorders,fam_neuro,Neurological disorders
neuro_ms,Multiple sclerosis,fam_neuro,Neurological disorders
neuro_neurone,Motor neuron disease,fam_neuro,Neurological disorders
neuro_other,Other neurological disorders,fam_neuro,Neurological disorders
neuro_parkinsons,Parkinson's disease,fam_neuro,Neurological disorders
_ntd,Neglected tropical diseases and malaria,fam_ntd,Neglected tropical diseases and malaria
nutrition,Nutritional deficiencies,fam_nutrition,Nutritional deficiencies
_oral,Oral disorders,fam_oral,Oral disorders
exp_well_dental,Well dental,fam_oral,Oral disorders
resp_NEC,"Chronic respiratory diseases, not elsewhere classified",fam_resp,Chronic respiratory diseases
resp_asthma,Asthma,fam_resp,Chronic respiratory diseases
resp_copd,Chronic obstructive pulmonary disease,fam_resp,Chronic respiratory diseases
resp_interstitial,Interstitial lung disease and pulmonary sarcoidosis,fam_resp,Chronic respiratory diseases
resp_other,Other chronic respiratory diseases,fam_resp,Chronic respiratory diseases
resp_pneum,Pneumoconiosis,fam_resp,Chronic respiratory diseases
rf_hyperlipidemia,Treatment of hyperlipidemia,fam_rf,Risk factors
rf_hypertension,Treatment of hypertension,fam_rf,Risk factors
rf_obesity,Treatment of obesity,fam_rf,Risk factors
rf_tobacco,Tobacco intervention,fam_rf,Risk factors
lri,Lower respiratory infections,fam_ri,Respiratory infections and tuberculosis
lri_corona,COVID-19,fam_ri,Respiratory infections and tuberculosis
otitis,Otitis media,fam_ri,Respiratory infections and tuberculosis
ri_NEC,"Respiratory infections and tuberculosis, not elsewhere classified",fam_ri,Respiratory infections and tuberculosis
tb,Tuberculosis,fam_ri,Respiratory infections and tuberculosis
uri,Upper respiratory infections,fam_ri,Respiratory infections and tuberculosis
sense_NEC,"Sense organ diseases, not elsewhere classified",fam_sense,Sense organ diseases
sense_hearing,Age-related and other hearing loss,fam_sense,Sense organ diseases
sense_other,Other sense organ diseases,fam_sense,Sense organ diseases
sense_visionlos,Blindness and vision loss,fam_sense,Sense organ diseases
skin,Skin and subcutaneous diseases,fam_skin,Skin and subcutaneous diseases
hiv,HIV/AIDS,fam_std,HIV/AIDS and sexually transmitted infections
std,Sexually transmitted infections excluding HIV,fam_std,HIV/AIDS and sexually transmitted infections
std_NEC,"HIV/AIDS and sexually transmitted infections, not elsewhere classified",fam_std,HIV/AIDS and sexually transmitted infections
mental_alcohol,Alcohol use disorders,fam_subs,Substance use disorders
mental_drug_agg,Other substance use disorders,fam_subs,Substance use disorders
mental_drug_opioids,Opioid use disorders,fam_subs,Substance use disorders
subs_NEC,"Substance use disorders, not elsewhere classified",fam_subs,Substance use disorders
urinary,Urinary diseases and male infertility,fam_urinary,Urinary diseases and male infertility
exp_donor,Donor,fam_well,Well causes
exp_family_planning,Family planning,fam_well,Well causes
exp_social_services,Social services,fam_well,Well causes
exp_well_person,Well person,fam_well,Well causes
